"from","url","resolved_path","exists"
"index.html","assets/core/core.css","assets/core/core.css","true"
"index.html","css/tms-parity.css","css/tms-parity.css","true"
"index.html","images/logo-republique.png","images/logo-republique.png","true"
"index.html","images/logoFORPROPaca.png","images/logoFORPROPaca.png","true"
"index.html","./","index.html","true"
"index.html","./cours-pms.html","cours-pms.html","true"
"cours-pms.html","assets/core/core.css","assets/core/core.css","true"
"cours-pms.html","css/tms-parity.css","css/tms-parity.css","true"
"cours-pms.html","images/logo-republique.png","images/logo-republique.png","true"
"cours-pms.html","images/logoFORPROPaca.png","images/logoFORPROPaca.png","true"
"cours-pms.html","./","index.html","true"
"cours-pms.html","./cours-pms.html","cours-pms.html","true"
"cours-pms.html","./outils-modeles.html","outils-modeles.html","true"
"outils-modeles.html","assets/core/core.css","assets/core/core.css","true"
"outils-modeles.html","css/tms-parity.css","css/tms-parity.css","true"
"outils-modeles.html","images/logo-republique.png","images/logo-republique.png","true"
"outils-modeles.html","images/logoFORPROPaca.png","images/logoFORPROPaca.png","true"
"outils-modeles.html","./","index.html","true"
"outils-modeles.html","./cours-pms.html","cours-pms.html","true"
"outils-modeles.html","./outils-modeles.html","outils-modeles.html","true"
"outils-modeles.html","./documents-pms.html","documents-pms.html","true"
"documents-pms.html","assets/core/core.css","assets/core/core.css","true"
"documents-pms.html","css/tms-parity.css","css/tms-parity.css","true"
"documents-pms.html","images/logo-republique.png","images/logo-republique.png","true"
"documents-pms.html","images/logoFORPROPaca.png","images/logoFORPROPaca.png","true"
"documents-pms.html","./","index.html","true"
"documents-pms.html","./cours-pms.html","cours-pms.html","true"
"documents-pms.html","./outils-modeles.html","outils-modeles.html","true"
"documents-pms.html","./documents-pms.html","documents-pms.html","true"
"documents-pms.html","documents/Plan_Nettoyage_Desinfection.xlsx","documents/Plan_Nettoyage_Desinfection.xlsx","true"
"documents-pms.html","documents/Fiche_Tracabilite_Produits.xlsx","documents/Fiche_Tracabilite_Produits.xlsx","true"
"documents-pms.html","documents/Registre_Non_Conformites.xlsx","documents/Registre_Non_Conformites.xlsx","true"
"documents-pms.html","documents/Releves_Temperature.xlsx","documents/Releves_Temperature.xlsx","true"
"documents-pms.html","documents/Grille_Audit_PMS.xlsx","documents/Grille_Audit_PMS.xlsx","true"
"documents-pms.html","documents/Tableau_HACCP_Vierge.xlsx","documents/Tableau_HACCP_Vierge.xlsx","true"
"documents-pms.html","documents/Registre_Maintenance.xlsx","documents/Registre_Maintenance.xlsx","true"
"documents-pms.html","documents/Fiche_Lavage_Mains.pdf","documents/Fiche_Lavage_Mains.pdf","true"
"documents-pms.html","documents/Fiche_Hygiene_Personnel.pdf","documents/Fiche_Hygiene_Personnel.pdf","true"
"documents-pms.html","documents/Fiche_Nettoyage_Desinfection.pdf","documents/Fiche_Nettoyage_Desinfection.pdf","true"
"documents-pms.html","documents/Fiche_Chaine_Froid.pdf","documents/Fiche_Chaine_Froid.pdf","true"
"documents-pms.html","documents/Fiche_Cuisson_Temperature.pdf","documents/Fiche_Cuisson_Temperature.pdf","true"
"documents-pms.html","documents/Fiche_Gestion_Dechets.pdf","documents/Fiche_Gestion_Dechets.pdf","true"
"documents-pms.html","documents/Fiche_Gestion_TIAC.pdf","documents/Fiche_Gestion_TIAC.pdf","true"
"documents-pms.html","documents/Fiche_Rappel_Produit.pdf","documents/Fiche_Rappel_Produit.pdf","true"
"documents-pms.html","documents/Fiche_Controle_Reception.pdf","documents/Fiche_Controle_Reception.pdf","true"
"documents-pms.html","documents/Fiche_Dangers_Alimentaires.pdf","documents/Fiche_Dangers_Alimentaires.pdf","true"
"documents-pms.html","documents/Tableau_Temperatures_Reglementaires.pdf","documents/Tableau_Temperatures_Reglementaires.pdf","true"
"documents-pms.html","documents/Fiche_Tracabilite_Aval.pdf","documents/Fiche_Tracabilite_Aval.pdf","true"
"documents-pms.html","index.html","index.html","true"
"documents-pms.html","images/logo-republique.png","images/logo-republique.png","true"
"documents-pms.html","images/logoFORPROPaca.png","images/logoFORPROPaca.png","true"
"documents-pms.html","assets/core/navigation.js","assets/core/navigation.js","true"
"documents-pms.html","assets/core/tms-parity.js","assets/core/tms-parity.js","true"
"documents-pms.html","js/tms-parity.js","js/tms-parity.js","true"
"outils-modeles.html","outils/calculateur-criticite.html","outils/calculateur-criticite.html","true"
"outils/calculateur-criticite.html","../js/calculateur.js","js/calculateur.js","true"
"outils/calculateur-criticite.html","../assets/core/core.css","assets/core/core.css","true"
"outils/calculateur-criticite.html","../css/tms-parity.css","css/tms-parity.css","true"
"outils/calculateur-criticite.html","../images/logo-republique.png","images/logo-republique.png","true"
"outils/calculateur-criticite.html","../images/logoFORPROPaca.png","images/logoFORPROPaca.png","true"
"outils/calculateur-criticite.html","../index.html","index.html","true"
"outils/calculateur-criticite.html","../cours-pms.html","cours-pms.html","true"
"outils/calculateur-criticite.html","../outils-modeles.html","outils-modeles.html","true"
"outils/calculateur-criticite.html","../documents-pms.html","documents-pms.html","true"
"outils/calculateur-criticite.html","../index.html","index.html","true"
"outils/calculateur-criticite.html","../outils-modeles.html","outils-modeles.html","true"
"outils/calculateur-criticite.html","../assets/images/contexte-criticite.svg","assets/images/contexte-criticite.svg","true"
"outils/calculateur-criticite.html","../outils-modeles.html","outils-modeles.html","true"
"outils/calculateur-criticite.html","../index.html","index.html","true"
"outils/calculateur-criticite.html","../images/logo-republique.png","images/logo-republique.png","true"
"outils/calculateur-criticite.html","../images/logoFORPROPaca.png","images/logoFORPROPaca.png","true"
"outils/calculateur-criticite.html","../assets/core/navigation.js","assets/core/navigation.js","true"
"outils/calculateur-criticite.html","../assets/core/tms-parity.js","assets/core/tms-parity.js","true"
"outils/calculateur-criticite.html","../js/tms-parity.js","js/tms-parity.js","true"
"outils-modeles.html","outils/inspection-ddpp.html","outils/inspection-ddpp.html","true"
"outils/inspection-ddpp.html","../assets/core/core.css","assets/core/core.css","true"
"outils/inspection-ddpp.html","../css/tms-parity.css","css/tms-parity.css","true"
"outils/inspection-ddpp.html","../images/logo-republique.png","images/logo-republique.png","true"
"outils/inspection-ddpp.html","../images/logoFORPROPaca.png","images/logoFORPROPaca.png","true"
"outils/inspection-ddpp.html","../index.html","index.html","true"
"outils/inspection-ddpp.html","../cours-pms.html","cours-pms.html","true"
"outils/inspection-ddpp.html","../outils-modeles.html","outils-modeles.html","true"
"outils/inspection-ddpp.html","../documents-pms.html","documents-pms.html","true"
"outils/inspection-ddpp.html","pms-reception.html","outils/pms-reception.html","true"
"outils/pms-reception.html","../assets/core/core.css","assets/core/core.css","true"
"outils/pms-reception.html","../css/tms-parity.css","css/tms-parity.css","true"
"outils/pms-reception.html","../images/logo-republique.png","images/logo-republique.png","true"
"outils/pms-reception.html","../images/logoFORPROPaca.png","images/logoFORPROPaca.png","true"
"outils/pms-reception.html","../index.html","index.html","true"
"outils/pms-reception.html","../cours-pms.html","cours-pms.html","true"
"outils/pms-reception.html","../outils-modeles.html","outils-modeles.html","true"
"outils/pms-reception.html","../documents-pms.html","documents-pms.html","true"
"outils/pms-reception.html","../index.html","index.html","true"
"outils/pms-reception.html","../images/logo-republique.png","images/logo-republique.png","true"
"outils/pms-reception.html","../images/logoFORPROPaca.png","images/logoFORPROPaca.png","true"
"outils/pms-reception.html","../assets/core/navigation.js","assets/core/navigation.js","true"
"outils/pms-reception.html","../assets/core/tms-parity.js","assets/core/tms-parity.js","true"
"outils/pms-reception.html","../js/tms-parity.js","js/tms-parity.js","true"
"outils/inspection-ddpp.html","pms-temperature.html","outils/pms-temperature.html","true"
"outils/pms-temperature.html","../assets/core/core.css","assets/core/core.css","true"
"outils/pms-temperature.html","../css/tms-parity.css","css/tms-parity.css","true"
"outils/pms-temperature.html","../images/logo-republique.png","images/logo-republique.png","true"
"outils/pms-temperature.html","../images/logoFORPROPaca.png","images/logoFORPROPaca.png","true"
"outils/pms-temperature.html","../index.html","index.html","true"
"outils/pms-temperature.html","../cours-pms.html","cours-pms.html","true"
"outils/pms-temperature.html","../outils-modeles.html","outils-modeles.html","true"
"outils/pms-temperature.html","../documents-pms.html","documents-pms.html","true"
"outils/pms-temperature.html","../index.html","index.html","true"
"outils/pms-temperature.html","../images/logo-republique.png","images/logo-republique.png","true"
"outils/pms-temperature.html","../images/logoFORPROPaca.png","images/logoFORPROPaca.png","true"
"outils/pms-temperature.html","../assets/core/navigation.js","assets/core/navigation.js","true"
"outils/pms-temperature.html","../assets/core/tms-parity.js","assets/core/tms-parity.js","true"
"outils/pms-temperature.html","../js/tms-parity.js","js/tms-parity.js","true"
"outils/inspection-ddpp.html","pms-reception.html","outils/pms-reception.html","true"
"outils/inspection-ddpp.html","../index.html","index.html","true"
"outils/inspection-ddpp.html","../images/logo-republique.png","images/logo-republique.png","true"
"outils/inspection-ddpp.html","../images/logoFORPROPaca.png","images/logoFORPROPaca.png","true"
"outils/inspection-ddpp.html","../assets/core/navigation.js","assets/core/navigation.js","true"
"outils/inspection-ddpp.html","../assets/core/tms-parity.js","assets/core/tms-parity.js","true"
"outils/inspection-ddpp.html","../js/tms-parity.js","js/tms-parity.js","true"
"outils-modeles.html","documents/Plan_Nettoyage_Desinfection.xlsx","documents/Plan_Nettoyage_Desinfection.xlsx","true"
"outils-modeles.html","documents/Fiche_Tracabilite_Produits.xlsx","documents/Fiche_Tracabilite_Produits.xlsx","true"
"outils-modeles.html","documents/Registre_Non_Conformites.xlsx","documents/Registre_Non_Conformites.xlsx","true"
"outils-modeles.html","documents/Releves_Temperature.xlsx","documents/Releves_Temperature.xlsx","true"
"outils-modeles.html","documents/Grille_Audit_PMS.xlsx","documents/Grille_Audit_PMS.xlsx","true"
"outils-modeles.html","documents/Tableau_HACCP_Vierge.xlsx","documents/Tableau_HACCP_Vierge.xlsx","true"
"outils-modeles.html","documents/Registre_Maintenance.xlsx","documents/Registre_Maintenance.xlsx","true"
"outils-modeles.html","documents/Fiche_Lavage_Mains.pdf","documents/Fiche_Lavage_Mains.pdf","true"
"outils-modeles.html","documents/Fiche_Hygiene_Personnel.pdf","documents/Fiche_Hygiene_Personnel.pdf","true"
"outils-modeles.html","documents/Fiche_Nettoyage_Desinfection.pdf","documents/Fiche_Nettoyage_Desinfection.pdf","true"
"outils-modeles.html","documents/Fiche_Chaine_Froid.pdf","documents/Fiche_Chaine_Froid.pdf","true"
"outils-modeles.html","documents/Fiche_Cuisson_Temperature.pdf","documents/Fiche_Cuisson_Temperature.pdf","true"
"outils-modeles.html","documents/Fiche_Gestion_Dechets.pdf","documents/Fiche_Gestion_Dechets.pdf","true"
"outils-modeles.html","documents/Fiche_Gestion_TIAC.pdf","documents/Fiche_Gestion_TIAC.pdf","true"
"outils-modeles.html","documents/Fiche_Rappel_Produit.pdf","documents/Fiche_Rappel_Produit.pdf","true"
"outils-modeles.html","documents/Fiche_Controle_Reception.pdf","documents/Fiche_Controle_Reception.pdf","true"
"outils-modeles.html","documents/Fiche_Dangers_Alimentaires.pdf","documents/Fiche_Dangers_Alimentaires.pdf","true"
"outils-modeles.html","documents/Tableau_Temperatures_Reglementaires.pdf","documents/Tableau_Temperatures_Reglementaires.pdf","true"
"outils-modeles.html","documents/Fiche_Tracabilite_Aval.pdf","documents/Fiche_Tracabilite_Aval.pdf","true"
"outils-modeles.html","index.html","index.html","true"
"outils-modeles.html","outils-modeles.html","outils-modeles.html","true"
"outils-modeles.html","images/logo-republique.png","images/logo-republique.png","true"
"outils-modeles.html","images/logoFORPROPaca.png","images/logoFORPROPaca.png","true"
"outils-modeles.html","assets/core/navigation.js","assets/core/navigation.js","true"
"outils-modeles.html","assets/core/tms-parity.js","assets/core/tms-parity.js","true"
"outils-modeles.html","js/tms-parity.js","js/tms-parity.js","true"
"cours-pms.html","./documents-pms.html","documents-pms.html","true"
"cours-pms.html","assets/images/schema-haccp-flux.svg","assets/images/schema-haccp-flux.svg","true"
"cours-pms.html","index.html","index.html","true"
"cours-pms.html","images/logo-republique.png","images/logo-republique.png","true"
"cours-pms.html","images/logoFORPROPaca.png","images/logoFORPROPaca.png","true"
"cours-pms.html","assets/core/navigation.js","assets/core/navigation.js","true"
"cours-pms.html","assets/core/tms-parity.js","assets/core/tms-parity.js","true"
"cours-pms.html","js/tms-parity.js","js/tms-parity.js","true"
"index.html","./outils-modeles.html","outils-modeles.html","true"
"index.html","./documents-pms.html","documents-pms.html","true"
"index.html","cours-pms.html","cours-pms.html","true"
"index.html","td-pms.html","td-pms.html","true"
"td-pms.html","assets/core/core.css","assets/core/core.css","true"
"td-pms.html","css/tms-parity.css","css/tms-parity.css","true"
"td-pms.html","images/logo-republique.png","images/logo-republique.png","true"
"td-pms.html","images/logoFORPROPaca.png","images/logoFORPROPaca.png","true"
"td-pms.html","./","index.html","true"
"td-pms.html","./cours-pms.html","cours-pms.html","true"
"td-pms.html","./outils-modeles.html","outils-modeles.html","true"
"td-pms.html","./documents-pms.html","documents-pms.html","true"
"td-pms.html","assets/images/schema-chaine-froid.svg","assets/images/schema-chaine-froid.svg","true"
"td-pms.html","questionnaire-pms.html","questionnaire-pms.html","true"
"questionnaire-pms.html","assets/core/core.css","assets/core/core.css","true"
"questionnaire-pms.html","css/tms-parity.css","css/tms-parity.css","true"
"questionnaire-pms.html","images/logo-republique.png","images/logo-republique.png","true"
"questionnaire-pms.html","images/logoFORPROPaca.png","images/logoFORPROPaca.png","true"
"questionnaire-pms.html","./","index.html","true"
"questionnaire-pms.html","./cours-pms.html","cours-pms.html","true"
"questionnaire-pms.html","./outils-modeles.html","outils-modeles.html","true"
"questionnaire-pms.html","./documents-pms.html","documents-pms.html","true"
"questionnaire-pms.html","assets/images/schema-haccp-flux.svg","assets/images/schema-haccp-flux.svg","true"
"questionnaire-pms.html","images/logoFORPROPaca.png","images/logoFORPROPaca.png","true"
"questionnaire-pms.html","index.html","index.html","true"
"questionnaire-pms.html","images/logo-republique.png","images/logo-republique.png","true"
"questionnaire-pms.html","images/logoFORPROPaca.png","images/logoFORPROPaca.png","true"
"questionnaire-pms.html","assets/core/navigation.js","assets/core/navigation.js","true"
"questionnaire-pms.html","assets/core/tms-parity.js","assets/core/tms-parity.js","true"
"questionnaire-pms.html","js/tms-parity.js","js/tms-parity.js","true"
"td-pms.html","index.html","index.html","true"
"td-pms.html","images/logo-republique.png","images/logo-republique.png","true"
"td-pms.html","images/logoFORPROPaca.png","images/logoFORPROPaca.png","true"
"td-pms.html","assets/core/navigation.js","assets/core/navigation.js","true"
"td-pms.html","assets/core/tms-parity.js","assets/core/tms-parity.js","true"
"td-pms.html","js/tms-parity.js","js/tms-parity.js","true"
"index.html","questionnaire-pms.html","questionnaire-pms.html","true"
"index.html","outils/calculateur-criticite.html","outils/calculateur-criticite.html","true"
"index.html","outils/audit-interne.html","outils/audit-interne.html","true"
"outils/audit-interne.html","../assets/core/core.css","assets/core/core.css","true"
"outils/audit-interne.html","../css/tms-parity.css","css/tms-parity.css","true"
"outils/audit-interne.html","../images/logo-republique.png","images/logo-republique.png","true"
"outils/audit-interne.html","../images/logoFORPROPaca.png","images/logoFORPROPaca.png","true"
"outils/audit-interne.html","../index.html","index.html","true"
"outils/audit-interne.html","../cours-pms.html","cours-pms.html","true"
"outils/audit-interne.html","../outils-modeles.html","outils-modeles.html","true"
"outils/audit-interne.html","../documents-pms.html","documents-pms.html","true"
"outils/audit-interne.html","../index.html","index.html","true"
"outils/audit-interne.html","../outils-modeles.html","outils-modeles.html","true"
"outils/audit-interne.html","../assets/images/contexte-audit.svg","assets/images/contexte-audit.svg","true"
"outils/audit-interne.html","../outils-modeles.html","outils-modeles.html","true"
"outils/audit-interne.html","../index.html","index.html","true"
"outils/audit-interne.html","../images/logo-republique.png","images/logo-republique.png","true"
"outils/audit-interne.html","../images/logoFORPROPaca.png","images/logoFORPROPaca.png","true"
"outils/audit-interne.html","../assets/core/navigation.js","assets/core/navigation.js","true"
"outils/audit-interne.html","../assets/core/tms-parity.js","assets/core/tms-parity.js","true"
"outils/audit-interne.html","../js/tms-parity.js","js/tms-parity.js","true"
"index.html","outils/registre-nc.html","outils/registre-nc.html","true"
"outils/registre-nc.html","../assets/core/core.css","assets/core/core.css","true"
"outils/registre-nc.html","../css/tms-parity.css","css/tms-parity.css","true"
"outils/registre-nc.html","../images/logo-republique.png","images/logo-republique.png","true"
"outils/registre-nc.html","../images/logoFORPROPaca.png","images/logoFORPROPaca.png","true"
"outils/registre-nc.html","../index.html","index.html","true"
"outils/registre-nc.html","../cours-pms.html","cours-pms.html","true"
"outils/registre-nc.html","../outils-modeles.html","outils-modeles.html","true"
"outils/registre-nc.html","../documents-pms.html","documents-pms.html","true"
"outils/registre-nc.html","../index.html","index.html","true"
"outils/registre-nc.html","../outils-modeles.html","outils-modeles.html","true"
"outils/registre-nc.html","../assets/images/schema-boucle-nc.svg","assets/images/schema-boucle-nc.svg","true"
"outils/registre-nc.html","../outils-modeles.html","outils-modeles.html","true"
"outils/registre-nc.html","../index.html","index.html","true"
"outils/registre-nc.html","../images/logo-republique.png","images/logo-republique.png","true"
"outils/registre-nc.html","../images/logoFORPROPaca.png","images/logoFORPROPaca.png","true"
"outils/registre-nc.html","../assets/core/navigation.js","assets/core/navigation.js","true"
"outils/registre-nc.html","../assets/core/tms-parity.js","assets/core/tms-parity.js","true"
"outils/registre-nc.html","../js/tms-parity.js","js/tms-parity.js","true"
"index.html","outils/inspection-ddpp.html","outils/inspection-ddpp.html","true"
"index.html","outils/pms-reception.html","outils/pms-reception.html","true"
"index.html","outils/pms-temperature.html","outils/pms-temperature.html","true"
"index.html","outils-modeles.html","outils-modeles.html","true"
"index.html","documents-pms.html","documents-pms.html","true"
"index.html","images/logo-republique.png","images/logo-republique.png","true"
"index.html","images/logoFORPROPaca.png","images/logoFORPROPaca.png","true"
"index.html","assets/core/navigation.js","assets/core/navigation.js","true"
"index.html","assets/core/tms-parity.js","assets/core/tms-parity.js","true"
"index.html","js/tms-parity.js","js/tms-parity.js","true"